<?xml version="1.0"?>
<presentation title="那边" width="720.0000000" height="540.0000000" thmbWidth="0.0000000" thmbHeight="0.0000000" frameRate="24.0000000" looping="0" startingSlideShow="" pptVersion="2010" type="compound" hasExternalAudio="0" uid="{54D4C6B4-3944-4EB7-8898-D2E40659F8F0}">
	<presenters/>
	<references/>
	<soundAssets/>
	<sharedAssetsLibrary src="assets.swf"/>
	<graphicAssets/>
	<playlists/>
	<narration/>
	<settings>
		<navigation>
			<keyboard enabled="1">
				<actions>
					<action name="playPause">
						<shortcut code="32" control="0" shift="0"/>
					</action>
					<action name="nextSlide">
						<shortcut code="34" control="0" shift="0"/>
					</action>
					<action name="previousSlide">
						<shortcut code="33" control="0" shift="0"/>
					</action>
					<action name="nextStep">
						<shortcut code="13" control="0" shift="0"/>
					</action>
					<action name="previousStep">
						<shortcut code="13" control="0" shift="1"/>
					</action>
					<action name="firstSlide">
						<shortcut code="36" control="1" shift="0"/>
					</action>
					<action name="lastSlide">
						<shortcut code="35" control="1" shift="0"/>
					</action>
					<action name="lastViewedSlide">
						<shortcut code="8" control="0" shift="0"/>
					</action>
					<action name="slideStart">
						<shortcut code="36" control="0" shift="0"/>
					</action>
					<action name="slideEnd">
						<shortcut code="35" control="0" shift="0"/>
					</action>
					<action name="seekForward">
						<shortcut code="39" control="0" shift="0"/>
					</action>
					<action name="seekBackward">
						<shortcut code="37" control="0" shift="0"/>
					</action>
					<action name="volumeUp">
						<shortcut code="38" control="0" shift="0"/>
					</action>
					<action name="volumeDown">
						<shortcut code="40" control="0" shift="0"/>
					</action>
					<action name="toggleFullscreen">
						<shortcut code="70" control="1" shift="0"/>
					</action>
				</actions>
			</keyboard>
			<mouse enabled="1" target="step"/>
			<gesture zoom="1"/>
		</navigation>
		<appearance fullScreen="1" showSlidePreloader="1"/>
		<playback autoStart="1" syncWithVideoNarration="1" enableVideoControl="1" resumePresentationPlayback="never"/>
	</settings>
	<slides embedded="0">
		<slide index="0" title="" titleNormalized="" src="slide1.swf" size="237706" advanceOnTime="0" framesCount="1" hasEmbeddedFlashClip="0" hidden="0" level="0" advanceOnClick="1" thumbnailAssetId="">
			<sounds/>
			<videos/>
			<transitionEffect name="" duration="0.0000000" soundId="" looped="0"/>
			<soundCommands/>
			<videoCommands/>
			<animationSteps>
				<step start="0" end="0" playTime="0.0010000" pauseTime="0.0000000"/>
			</animationSteps>
			<notes/>
			<notesNormalized/>
			<notesHtml/>
			<text>目录页 CONTENT
请在此处添加您的企业名称
点击添加目录文字
点击添加目录文字
点击添加目录文字
点击添加目录文字
01
02
03
04</text>
		</slide>
		<slide index="1" title="" titleNormalized="" src="slide2.swf" size="72655" advanceOnTime="0" framesCount="1" hasEmbeddedFlashClip="0" hidden="0" level="0" advanceOnClick="1" thumbnailAssetId="">
			<sounds/>
			<videos/>
			<transitionEffect name="" duration="0.0000000" soundId="" looped="0"/>
			<soundCommands/>
			<videoCommands/>
			<animationSteps>
				<step start="0" end="0" playTime="0.0010000" pauseTime="0.0000000"/>
			</animationSteps>
			<notes/>
			<notesNormalized/>
			<notesHtml/>
			<text>PPT模板下载：www.1ppt.com/moban/ 行业PPT模板：www.1ppt.com/hangye/ 
节日PPT模板：www.1ppt.com/jieri/ PPT素材下载：www.1ppt.com/sucai/
PPT背景图片：www.1ppt.com/beijing/ PPT图表下载：www.1ppt.com/tubiao/ 
优秀PPT下载：www.1ppt.com/xiazai/ PPT教程：www.1ppt.com/powerpoint/ 
Word教程：www.1ppt.com/word/ Excel教程：www.1ppt.com/excel/ 
PPT课件下载：www.1ppt.com/kejian/ 
可以在下列情况使用

不限次数的用于您个人/公司、企业的商业演示。
修改模板中的内容包括，图片，数据，文本的替换。
拷贝模板中的内容用于其它幻灯片母版中使用。

不可以在以下情况使用

用于任何形式的在线付费下载。
收集整理我们发布的免费资源后，打包上传并
 用于各种形式的付费下载。
收集整理我们发布的免费资源后，刻录光碟销售。</text>
		</slide>
	</slides>
</presentation>
